{"meta": {"format": 3, "version": "7.10.7", "timestamp": "2025-12-24T03:48:15.799845", "branch_coverage": true, "show_contexts": false}, "files": {"infra\\repositories\\notifications_repository.py": {"executed_lines": [1, 20, 22, 23, 24, 26, 31, 34, 51, 52, 55, 56, 58, 61, 62, 63, 64, 65, 68, 84, 86, 87, 90, 91, 93, 95, 96, 103, 105, 106, 107, 110, 124, 126, 127, 135, 136, 138, 140, 141, 143, 145, 146, 147, 150, 164, 166, 167, 169, 177, 178, 180, 182, 184, 185, 186, 189, 228, 229, 232, 233, 234, 235, 236, 239, 240, 246, 248, 249, 256, 257, 268, 269, 270, 271, 279, 280, 282, 287, 295, 297, 299, 301, 302, 306, 317, 319, 321, 322, 325, 327, 328, 329, 331, 333, 335, 338, 339, 340, 341, 345, 346, 347, 348, 351, 356, 361, 363, 364, 365, 367, 368, 369, 376, 385, 395, 397, 398, 401, 404, 405, 407, 411, 413, 415, 417, 419, 421, 435], "summary": {"covered_lines": 127, "num_statements": 133, "percent_covered": 94.0119760479042, "percent_covered_display": "94.0", "missing_lines": 6, "excluded_lines": 0, "num_branches": 34, "num_partial_branches": 4, "covered_branches": 30, "missing_branches": 4}, "missing_lines": [296, 298, 300, 343, 377, 378], "excluded_lines": [], "executed_branches": [[51, 52], [51, 55], [55, 56], [55, 58], [90, 91], [90, 93], [135, 136], [135, 138], [234, 235], [234, 246], [239, 240], [239, 246], [248, 249], [248, 287], [269, 270], [269, 287], [295, 297], [297, 299], [299, 301], [301, 302], [301, 306], [321, 322], [321, 327], [338, 339], [338, 340], [340, 341], [351, 356], [351, 385], [367, 368], [367, 385]], "missing_branches": [[295, 296], [297, 298], [299, 300], [340, 343]], "functions": {"_extract_uuid_from_request_id": {"executed_lines": [51, 52, 55, 56, 58, 61, 62, 63, 64, 65], "summary": {"covered_lines": 10, "num_statements": 10, "percent_covered": 100.0, "percent_covered_display": "100.0", "missing_lines": 0, "excluded_lines": 0, "num_branches": 4, "num_partial_branches": 0, "covered_branches": 4, "missing_branches": 0}, "missing_lines": [], "excluded_lines": [], "executed_branches": [[51, 52], [51, 55], [55, 56], [55, 58]], "missing_branches": []}, "list_notifications": {"executed_lines": [84, 86, 87, 90, 91, 93, 95, 96, 103, 105, 106, 107], "summary": {"covered_lines": 12, "num_statements": 12, "percent_covered": 100.0, "percent_covered_display": "100.0", "missing_lines": 0, "excluded_lines": 0, "num_branches": 2, "num_partial_branches": 0, "covered_branches": 2, "missing_branches": 0}, "missing_lines": [], "excluded_lines": [], "executed_branches": [[90, 91], [90, 93]], "missing_branches": []}, "count_unread": {"executed_lines": [124, 126, 127, 135, 136, 138, 140, 141, 143, 145, 146, 147], "summary": {"covered_lines": 12, "num_statements": 12, "percent_covered": 100.0, "percent_covered_display": "100.0", "missing_lines": 0, "excluded_lines": 0, "num_branches": 2, "num_partial_branches": 0, "covered_branches": 2, "missing_branches": 0}, "missing_lines": [], "excluded_lines": [], "executed_branches": [[135, 136], [135, 138]], "missing_branches": []}, "mark_all_read": {"executed_lines": [164, 166, 167, 169, 177, 178, 180, 182, 184, 185, 186], "summary": {"covered_lines": 11, "num_statements": 11, "percent_covered": 100.0, "percent_covered_display": "100.0", "missing_lines": 0, "excluded_lines": 0, "num_branches": 0, "num_partial_branches": 0, "covered_branches": 0, "missing_branches": 0}, "missing_lines": [], "excluded_lines": [], "executed_branches": [], "missing_branches": []}, "insert_notification": {"executed_lines": [228, 229, 232, 233, 234, 235, 236, 239, 240, 246, 248, 249, 256, 257, 268, 269, 270, 271, 279, 280, 282, 287, 295, 297, 299, 301, 302, 306, 317, 319, 321, 322, 325, 327, 328, 329, 331, 333, 335, 338, 339, 340, 341, 345, 346, 347, 348, 351, 356, 361, 363, 364, 365, 367, 368, 369, 376, 385, 395, 397, 398, 401], "summary": {"covered_lines": 62, "num_statements": 68, "percent_covered": 89.36170212765957, "percent_covered_display": "89.4", "missing_lines": 6, "excluded_lines": 0, "num_branches": 26, "num_partial_branches": 4, "covered_branches": 22, "missing_branches": 4}, "missing_lines": [296, 298, 300, 343, 377, 378], "excluded_lines": [], "executed_branches": [[234, 235], [234, 246], [239, 240], [239, 246], [248, 249], [248, 287], [269, 270], [269, 287], [295, 297], [297, 299], [299, 301], [301, 302], [301, 306], [321, 322], [321, 327], [338, 339], [338, 340], [340, 341], [351, 356], [351, 385], [367, 368], [367, 385]], "missing_branches": [[295, 296], [297, 298], [299, 300], [340, 343]]}, "NotificationsRepositoryAdapter.list_notifications": {"executed_lines": [411], "summary": {"covered_lines": 1, "num_statements": 1, "percent_covered": 100.0, "percent_covered_display": "100.0", "missing_lines": 0, "excluded_lines": 0, "num_branches": 0, "num_partial_branches": 0, "covered_branches": 0, "missing_branches": 0}, "missing_lines": [], "excluded_lines": [], "executed_branches": [], "missing_branches": []}, "NotificationsRepositoryAdapter.count_unread": {"executed_lines": [415], "summary": {"covered_lines": 1, "num_statements": 1, "percent_covered": 100.0, "percent_covered_display": "100.0", "missing_lines": 0, "excluded_lines": 0, "num_branches": 0, "num_partial_branches": 0, "covered_branches": 0, "missing_branches": 0}, "missing_lines": [], "excluded_lines": [], "executed_branches": [], "missing_branches": []}, "NotificationsRepositoryAdapter.mark_all_read": {"executed_lines": [419], "summary": {"covered_lines": 1, "num_statements": 1, "percent_covered": 100.0, "percent_covered_display": "100.0", "missing_lines": 0, "excluded_lines": 0, "num_branches": 0, "num_partial_branches": 0, "covered_branches": 0, "missing_branches": 0}, "missing_lines": [], "excluded_lines": [], "executed_branches": [], "missing_branches": []}, "NotificationsRepositoryAdapter.insert_notification": {"executed_lines": [435], "summary": {"covered_lines": 1, "num_statements": 1, "percent_covered": 100.0, "percent_covered_display": "100.0", "missing_lines": 0, "excluded_lines": 0, "num_branches": 0, "num_partial_branches": 0, "covered_branches": 0, "missing_branches": 0}, "missing_lines": [], "excluded_lines": [], "executed_branches": [], "missing_branches": []}, "": {"executed_lines": [1, 20, 22, 23, 24, 26, 31, 34, 68, 110, 150, 189, 404, 405, 407, 413, 417, 421], "summary": {"covered_lines": 16, "num_statements": 16, "percent_covered": 100.0, "percent_covered_display": "100.0", "missing_lines": 0, "excluded_lines": 0, "num_branches": 0, "num_partial_branches": 0, "covered_branches": 0, "missing_branches": 0}, "missing_lines": [], "excluded_lines": [], "executed_branches": [], "missing_branches": []}}, "classes": {"NotificationsRepositoryAdapter": {"executed_lines": [411, 415, 419, 435], "summary": {"covered_lines": 4, "num_statements": 4, "percent_covered": 100.0, "percent_covered_display": "100.0", "missing_lines": 0, "excluded_lines": 0, "num_branches": 0, "num_partial_branches": 0, "covered_branches": 0, "missing_branches": 0}, "missing_lines": [], "excluded_lines": [], "executed_branches": [], "missing_branches": []}, "": {"executed_lines": [1, 20, 22, 23, 24, 26, 31, 34, 51, 52, 55, 56, 58, 61, 62, 63, 64, 65, 68, 84, 86, 87, 90, 91, 93, 95, 96, 103, 105, 106, 107, 110, 124, 126, 127, 135, 136, 138, 140, 141, 143, 145, 146, 147, 150, 164, 166, 167, 169, 177, 178, 180, 182, 184, 185, 186, 189, 228, 229, 232, 233, 234, 235, 236, 239, 240, 246, 248, 249, 256, 257, 268, 269, 270, 271, 279, 280, 282, 287, 295, 297, 299, 301, 302, 306, 317, 319, 321, 322, 325, 327, 328, 329, 331, 333, 335, 338, 339, 340, 341, 345, 346, 347, 348, 351, 356, 361, 363, 364, 365, 367, 368, 369, 376, 385, 395, 397, 398, 401, 404, 405, 407, 413, 417, 421], "summary": {"covered_lines": 123, "num_statements": 129, "percent_covered": 93.86503067484662, "percent_covered_display": "93.9", "missing_lines": 6, "excluded_lines": 0, "num_branches": 34, "num_partial_branches": 4, "covered_branches": 30, "missing_branches": 4}, "missing_lines": [296, 298, 300, 343, 377, 378],