{"meta": {"format": 3, "version": "7.10.7", "timestamp": "2025-12-24T02:16:16.533434", "branch_coverage": true, "show_contexts": false}, "files": {"src\\utils\\prefs.py": {"executed_lines": [2, 4, 6, 7, 8, 9, 11, 12, 14, 19, 21, 22, 23, 24, 25, 26, 29, 44, 46, 49, 50, 51, 54, 55, 56, 59, 64, 65, 66, 68, 69, 71, 72, 73, 74, 76, 82, 84, 85, 86, 87, 88, 89, 92, 97, 98, 99, 101, 102, 103, 104, 106, 111, 113, 114, 115, 116, 117, 120, 121, 122, 125, 127, 128, 129, 130, 131, 132, 133, 134, 135, 136, 137, 138, 144, 146, 148, 149, 150, 151, 154, 156, 157, 158, 159, 160, 161, 162, 163, 164, 172, 174, 175, 176, 177, 178, 179, 180, 182, 183, 184, 185, 186, 187, 188, 194, 195, 196, 197, 200, 203, 205, 207, 208, 209, 210, 213, 215, 217, 218, 224, 225, 226, 227, 228, 229, 230, 231, 239, 241, 242, 243, 244, 252, 253, 254, 257, 258, 259, 262, 264, 265, 266, 267, 268, 269, 270, 271, 276, 278, 279, 280, 281, 282, 283, 284, 287, 288, 289, 292, 294, 295, 296, 297, 298, 299, 300, 301, 302, 308, 310, 311, 312, 313, 314, 315, 316, 319, 320, 321], "summary": {"covered_lines": 179, "num_statements": 227, "percent_covered": 79.33579335793358, "percent_covered_display": "79.3", "missing_lines": 48, "excluded_lines": 0, "num_branches": 44, "num_partial_branches": 6, "covered_branches": 36, "missing_branches": 8}, "missing_lines": [15, 16, 17, 32, 33, 34, 35, 36, 38, 39, 40, 41, 77, 78, 79, 107, 108, 118, 119, 139, 140, 141, 152, 153, 166, 167, 168, 169, 181, 198, 199, 211, 212, 233, 234, 235, 236, 245, 246, 272, 273, 285, 286, 303, 304, 305, 317, 318], "excluded_lines": [], "executed_branches": [[65, 66], [65, 68], [72, 73], [72, 76], [102, 103], [102, 106], [114, 115], [114, 120], [128, 129], [128, 130], [133, 134], [133, 136], [148, 149], [148, 156], [149, 150], [161, 162], [175, 176], [175, 177], [180, 182], [186, 187], [186, 188], [207, 208], [207, 215], [208, 209], [228, 229], [243, -239], [243, 244], [265, 266], [265, 267], [280, 281], [280, 287], [295, 296], [295, 297], [301, 302], [312, 313], [312, 319]], "missing_branches": [[33, 34], [33, 38], [149, 154], [161, 166], [180, 181], [208, 213], [228, 233], [301, 305]], "functions": {"_get_base_dir": {"executed_lines": [], "summary": {"covered_lines": 0, "num_statements": 9, "percent_covered": 0.0, "percent_covered_display": "0.0", "missing_lines": 9, "excluded_lines": 0, "num_branches": 2, "num_partial_branches": 0, "covered_branches": 0, "missing_branches": 2}, "missing_lines": [32, 33, 34, 35, 36, 38, 39, 40, 41], "excluded_lines": [], "executed_branches": [], "missing_branches": [[33, 34], [33, 38]]}, "_prefs_path": {"executed_lines": [46], "summary": {"covered_lines": 1, "num_statements": 1, "percent_covered": 100.0, "percent_covered_display": "100.0", "missing_lines": 0, "excluded_lines": 0, "num_branches": 0, "num_partial_branches": 0, "covered_branches": 0, "missing_branches": 0}, "missing_lines": [], "excluded_lines": [], "executed_branches": [], "missing_branches": []}, "_login_prefs_path": {"executed_lines": [50, 51], "summary": {"covered_lines": 2, "num_statements": 2, "percent_covered": 100.0, "percent_covered_display": "100.0", "missing_lines": 0, "excluded_lines": 0, "num_branches": 0, "num_partial_branches": 0, "covered_branches": 0, "missing_branches": 0}, "missing_lines": [], "excluded_lines": [], "executed_branches": [], "missing_branches": []}, "_auth_session_path": {"executed_lines": [55, 56], "summary": {"covered_lines": 2, "num_statements": 2, "percent_covered": 100.0, "percent_covered_display": "100.0", "missing_lines": 0, "excluded_lines": 0, "num_branches": 0, "num_partial_branches": 0, "covered_branches": 0, "missing_branches": 0}, "missing_lines": [], "excluded_lines": [], "executed_branches": [], "missing_branches": []}, "load_columns_visibility": {"executed_lines": [64, 65, 66, 68, 69, 71, 72, 73, 74, 76], "summary": {"covered_lines": 10, "num_statements": 13, "percent_covered": 82.3529411764706, "percent_covered_display": "82.4", "missing_lines": 3, "excluded_lines": 0, "num_branches": 4, "num_partial_branches": 0, "covered_branches": 4, "missing_branches": 0}, "missing_lines": [77, 78, 79], "excluded_lines": [], "executed_branches": [[65, 66], [65, 68], [72, 73], [72, 76]], "missing_branches": []}, "_load_prefs_unlocked": {"executed_lines": [84, 85, 86, 87, 88, 89], "summary": {"covered_lines": 6, "num_statements": 6, "percent_covered": 100.0, "percent_covered_display": "100.0", "missing_lines": 0, "excluded_lines": 0, "num_branches": 0, "num_partial_branches": 0, "covered_branches": 0, "missing_branches": 0}, "missing_lines": [], "excluded_lines": [], "executed_branches": [], "missing_branches": []}, "save_columns_visibility": {"executed_lines": [97, 98, 99, 101, 102, 103, 104, 106], "summary": {"covered_lines": 8, "num_statements": 10, "percent_covered": 83.33333333333333, "percent_covered_display": "83.3", "missing_lines": 2, "excluded_lines": 0, "num_branches": 2, "num_partial_branches": 0, "covered_branches": 2, "missing_branches": 0}, "missing_lines": [107, 108], "excluded_lines": [], "executed_branches": [[102, 103], [102, 106]], "missing_branches": []}, "_save_prefs_unlocked": {"executed_lines": [113, 114, 115, 116, 117, 120, 121, 122], "summary": {"covered_lines": 8, "num_statements": 10, "percent_covered": 83.33333333333333, "percent_covered_display": "83.3", "missing_lines": 2, "excluded_lines": 0, "num_branches": 2, "num_partial_branches": 0, "covered_branches": 2, "missing_branches": 0}, "missing_lines": [118, 119], "excluded_lines": [], "executed_branches": [[114, 115], [114, 120]], "missing_branches": []}, "load_login_prefs": {"executed_lines": [127, 128, 129, 130, 131, 132, 133, 134, 135, 136, 137, 138], "summary": {"covered_lines": 12, "num_statements": 15, "percent_covered": 84.21052631578948, "percent_covered_display": "84.2", "missing_lines": 3, "excluded_lines": 0, "num_branches": 4, "num_partial_branches": 0, "covered_branches": 4, "missing_branches": 0}, "missing_lines": [139, 140, 141], "excluded_lines": [], "executed_branches": [[128, 129], [128, 130], [133, 134], [133, 136]], "missing_branches": []}, "save_login_prefs": {"executed_lines": [146, 148, 149, 150, 151, 154, 156, 157, 158, 159, 160, 161, 162, 163, 164], "summary": {"covered_lines": 15, "num_statements": 21, "percent_covered": 70.37037037037037, "percent_covered_display": "70.4", "missing_lines": 6, "excluded_lines": 0, "num_branches": 6, "num_partial_branches": 2, "covered_branches": 4, "missing_branches": 2}, "missing_lines": [152, 153, 166, 167, 168, 169], "excluded_lines": [], "executed_branches": [[148, 149], [148, 156], [149, 150], [161, 162]], "missing_branches": [[149, 154], [161, 166]]}, "load_auth_session": {"executed_lines": [174, 175, 176, 177, 178, 179, 180, 182, 183, 184, 185, 186, 187, 188, 194, 195, 196, 197, 200], "summary": {"covered_lines": 19, "num_statements": 22, "percent_covered": 85.71428571428571, "percent_covered_display": "85.7", "missing_lines": 3, "excluded_lines": 0, "num_branches": 6, "num_partial_branches": 1, "covered_branches": 5, "missing_branches": 1}, "missing_lines": [181, 198, 199], "excluded_lines": [], "executed_branches": [[175, 176], [175, 177], [180, 182], [186, 187], [186, 188]], "missing_branches": [[180, 181]]}, "save_auth_session": {"executed_lines": [205, 207, 208, 209, 210, 213, 215, 217, 218, 224, 225, 226, 227, 228, 229, 230, 231], "summary": {"covered_lines": 17, "num_statements": 23, "percent_covered": 72.41379310344827, "percent_covered_display": "72.4", "missing_lines": 6, "excluded_lines": 0, "num_branches": 6, "num_partial_branches": 2, "covered_branches": 4, "missing_branches": 2}, "missing_lines": [211, 212, 233, 234, 235, 236], "excluded_lines": [], "executed_branches": [[207, 208], [207, 215], [208, 209], [228, 229]], "missing_branches": [[208, 213], [228, 233]]}, "clear_auth_session": {"executed_lines": [241, 242, 243, 244], "summary": {"covered_lines": 4, "num_statements": 6, "percent_covered": 75.0, "percent_covered_display": "75.0",