{"meta": {"format": 3, "version": "7.10.7", "timestamp": "2025-12-24T12:48:31.557052", "branch_coverage": true, "show_contexts": false}, "files": {"data\\supabase_repo.py": {"executed_lines": [3, 29, 31, 32, 33, 34, 35, 36, 38, 39, 40, 41, 43, 45, 51, 52, 54, 55, 56, 57, 60, 61, 63, 64, 65, 71, 72, 82, 96, 97, 98, 99, 100, 101, 102, 103, 111, 130, 131, 132, 134, 135, 136, 137, 138, 140, 146, 163, 164, 166, 172, 173, 178, 191, 210, 247, 248, 253, 259, 268, 273, 274, 275, 276, 277, 279, 280, 282, 283, 284, 286, 287, 289, 291, 293, 294, 296, 298, 301, 303, 311, 325, 326, 328, 329, 331, 335, 336, 344, 345, 347, 349, 350, 353, 354, 355, 357, 360, 361, 363, 364, 365, 366, 368, 371, 372, 373, 374, 375, 377, 379, 380, 381, 382, 383, 386, 401, 402, 404, 406, 409, 412, 414, 427, 428, 430, 439, 440, 442, 443, 444, 445, 446, 447, 448, 449, 450, 451, 454, 468, 469, 471, 472, 474, 476, 477, 478, 479, 480, 481, 482, 483, 484, 485, 486, 489, 490, 492, 493, 494, 495, 496, 497, 498, 499, 500, 501, 504, 508, 509, 511, 512, 514, 515, 517, 518, 519, 520, 521, 524, 535, 536, 537, 538, 540, 541, 543, 544, 548, 550, 551, 552, 553, 554, 555, 556, 559, 564, 565, 566, 567, 568, 576, 581, 582, 583, 585, 587, 588, 595, 596, 597, 610, 611, 613, 614, 615, 616, 617, 618, 619, 620, 621, 624, 636, 637, 639, 641, 642, 650, 651, 652, 653, 654, 655, 656, 657, 658, 664], "summary": {"covered_lines": 236, "num_statements": 268, "percent_covered": 87.79761904761905, "percent_covered_display": "87.8", "missing_lines": 32, "excluded_lines": 0, "num_branches": 68, "num_partial_branches": 3, "covered_branches": 59, "missing_branches": 9}, "missing_lines": [73, 75, 76, 174, 175, 183, 184, 185, 186, 187, 188, 198, 199, 200, 201, 202, 203, 205, 206, 207, 215, 217, 218, 226, 229, 230, 231, 236, 238, 250, 297, 487], "excluded_lines": [], "executed_branches": [[98, 99], [98, 100], [135, 136], [135, 137], [137, 138], [137, 140], [163, 164], [163, 166], [274, 275], [274, 296], [279, 280], [279, 282], [286, 287], [286, 289], [291, 274], [291, 293], [296, 298], [325, 326], [325, 328], [344, 345], [344, 347], [354, 355], [355, 357], [355, 379], [361, 363], [361, 371], [401, 402], [401, 404], [427, 428], [427, 430], [445, 446], [445, 447], [468, 469], [468, 471], [476, 477], [476, 478], [478, 479], [478, 480], [480, 481], [480, 482], [482, 483], [482, 484], [484, 485], [484, 486], [486, 489], [495, 496], [495, 497], [508, 509], [508, 511], [535, 536], [535, 537], [537, 538], [537, 540], [582, 583], [582, 585], [595, 596], [595, 610], [636, 637], [636, 639]], "missing_branches": [[199, 200], [199, 205], [206, -191], [206, 207], [230, 231], [230, 238], [296, 297], [354, 379], [486, 487]], "functions": {"get_supabase_client": {"executed_lines": [96, 97, 98, 99, 100, 101, 102, 103], "summary": {"covered_lines": 8, "num_statements": 8, "percent_covered": 100.0, "percent_covered_display": "100.0", "missing_lines": 0, "excluded_lines": 0, "num_branches": 2, "num_partial_branches": 0, "covered_branches": 2, "missing_branches": 0}, "missing_lines": [], "excluded_lines": [], "executed_branches": [[98, 99], [98, 100]], "missing_branches": []}, "format_api_error": {"executed_lines": [130, 131, 132, 134, 135, 136, 137, 138, 140], "summary": {"covered_lines": 9, "num_statements": 9, "percent_covered": 100.0, "percent_covered_display": "100.0", "missing_lines": 0, "excluded_lines": 0, "num_branches": 4, "num_partial_branches": 0, "covered_branches": 4, "missing_branches": 0}, "missing_lines": [], "excluded_lines": [], "executed_branches": [[135, 136], [135, 137], [137, 138], [137, 140]], "missing_branches": []}, "to_iso_date": {"executed_lines": [163, 164, 166], "summary": {"covered_lines": 3, "num_statements": 3, "percent_covered": 100.0, "percent_covered_display": "100.0", "missing_lines": 0, "excluded_lines": 0, "num_branches": 2, "num_partial_branches": 0, "covered_branches": 2, "missing_branches": 0}, "missing_lines": [], "excluded_lines": [], "executed_branches": [[163, 164], [163, 166]], "missing_branches": []}, "_get_access_token": {"executed_lines": [], "summary": {"covered_lines": 0, "num_statements": 6, "percent_covered": 0.0, "percent_covered_display": "0.0", "missing_lines": 6, "excluded_lines": 0, "num_branches": 0, "num_partial_branches": 0, "covered_branches": 0, "missing_branches": 0}, "missing_lines": [183, 184, 185, 186, 187, 188], "excluded_lines": [], "executed_branches": [], "missing_branches": []}, "_ensure_postgrest_auth": {"executed_lines": [], "summary": {"covered_lines": 0, "num_statements": 9, "percent_covered": 0.0, "percent_covered_display": "0.0", "missing_lines": 9, "excluded_lines": 0, "num_branches": 4, "num_partial_branches": 0, "covered_branches": 0, "missing_branches": 4}, "missing_lines": [198, 199, 200, 201, 202, 203, 205, 206, 207], "excluded_lines": [], "executed_branches": [], "missing_branches": [[199, 200], [199, 205], [206, -191], [206, 207]]}, "_rls_precheck_membership": {"executed_lines": [], "summary": {"covered_lines": 0, "num_statements": 8, "percent_covered": 0.0, "percent_covered_display": "0.0", "missing_lines": 8, "excluded_lines": 0, "num_branches": 2, "num_partial_branches": 0, "covered_branches": 0, "missing_branches": 2}, "missing_lines": [215, 217, 226, 229, 230, 231, 236, 238], "excluded_lines": [], "executed_branches": [], "missing_branches": [[230, 231], [230, 238]]}, "_rls_precheck_membership._query": {"executed_lines": [], "summary": {"covered_lines": 0, "num_statements": 1, "percent_covered": 0.0, "percent_covered_display": "0.0", "missing_lines": 1, "excluded_lines": 0, "num_branches": 0, "num_partial_branches": 0, "covered_branches": 0, "missing_branches": 0}, "missing_lines": [218], "excluded_lines": [], "executed_branches": [], "missing_branches": []}, "_SupabaseProxy.__getattr__": {"executed_lines": [], "summary": {"covered_lines": 0, "num_statements": 1, "percent_covered": 0.0, "percent_covered_display": "0.0", "missing_lines": 1, "excluded_lines": 0, "num_branches": 0, "num_partial_branches": 0, "covered_branches": 0, "missing_branches": 0}, "missing_lines": [250], "excluded_lines": [], "executed_branches": [], "missing_branches": []}, "with_retries": {"executed_lines": [273, 274, 275, 276, 277, 279, 280, 282, 283, 284, 286, 287, 289, 291, 293, 294, 296, 298], "summary": {"covered_lines": 18, "num_statements": 19, "percent_covered": 93.10344827586206, "percent_covered_display": "93.1", "missing_lines": 1, "excluded_lines": 0, "num_branches": 10, "num_partial_branches": 1, "covered_branches": 9, "missing_branches": 1}, "missing_lines": [297], "excluded_lines": [], "executed_branches": [[274, 275], [274, 296], [279, 280], [279, 282], [286, 287], [286, 289], [291, 274], [291, 293], [296, 298]], "missing_branches": [[296, 297]]}, "_now_iso": {"executed_lines": [303], "summary": {"covered_lines": 1, "num_statements": 1, "percent_covered": 100.0, "percent_covered_display": "100.0", "missing_lines": 0, "excluded_lines": 0, "num_branches": 0, "num_partial_branches": 0, "covered_branches": 0, "missing_branches": 0}, "missing_lines": [], "excluded_lines": [], "executed_branches": [], "missing_branches": []}, "list_passwords": {"executed_lines": [325, 326, 328, 329, 331, 349, 350, 353, 354, 355, 357, 360, 361, 363, 364, 365, 366, 368, 371, 372, 373, 374, 375, 377, 379, 380, 381, 382, 383], "summary": {"covered_lines": 29, "num_statements": 29, "percent_covered": 97.29729729729729, "percent_covered_display": "97.3", "missing_lines": 0, "excluded_lines": 0, "num_branches": 8, "num_partial_branches": 1, "covered_branches": 7, "missing_branches": 1}, "missing_lines": [], "excluded_lines": [], "executed_branches": [[325, 326], [325, 328], [354, 355], [355, 357], [355, 379], [361, 363], [361, 371]], "missing_branches": [[354, 379]]}, "list_passwords._do": {"executed_lines": [335, 336, 344, 345, 347], "summary": {"covered_lines": 5, "num_statements": 5, "percent_covered": 100.0, "percent_covered_display": "100.0", "missing_lines": 0, "excluded_lines": 0,